source,category,claim,example,coherence,groundedness,evidence,comments
10,Plot,"The author often constructs narratives with intricate layers of conflict and resolution, focusing on internal struggles and external confrontations.","In the story regarding ""human weapons grappling with identity,"" the narrative unfolds with Era's internal conflict about its identity and memories, juxtaposed with the external confrontation with Lieutenant Gabby, culminating in a tense standoff that questions the nature of humanity and programming.",,,,
10,Creativity,"The author tends to blend science fiction elements with psychological drama, creating a narrative that explores the boundaries of human consciousness and artificial intelligence.","In the story regarding ""human weapons grappling with identity,"" the author introduces the concept of Era models, which are human-weapon hybrids with partial human brains, exploring the psychological implications of memory and identity within a militarized context.",,,,
10,Development (Character and Setting),"The author frequently develops characters with complex emotional arcs, often revealing hidden depths and past connections that influence their present actions.","In the story regarding ""human weapons grappling with identity,"" Era's character is developed through its struggle with resurfacing memories and its past connection to Gabby, which adds layers to its identity crisis and emotional turmoil.",,,,
10,Development (Character and Setting),"The author often creates settings that reflect the internal states of characters, using them to enhance the thematic depth of the narrative.","In the story regarding ""human weapons grappling with identity,"" the setting of a bombed laboratory mirrors the chaos and destruction within Era's mind as it grapples with its identity and memories.",,,,
10,Language Use,The author employs a mix of technical and emotive language to convey the duality of human and machine elements within characters.,"In the story regarding ""human weapons grappling with identity,"" the author uses phrases like ""hyper-detailed hearing"" and ""blank face unable to express"" to highlight Era's mechanical nature, while also expressing its emotional conflict through dialogue like ""Why can I think? I don’t like this.""",,,,
10,Language Use,"The author often uses dialogue to reveal character motivations and conflicts, allowing for a deeper exploration of themes.","In the story regarding ""human weapons grappling with identity,"" the dialogue between Era and Gabby reveals the tension between programmed obedience and emerging self-awareness, as seen in Era's plea, ""You said this program was for justice. Didn’t you? That we would save people?""",,,,
9,Plot,The author often uses humor and light-hearted conflict to drive the narrative.,"In the story regarding ""mimics conversing with adventurers,"" the plot revolves around Jeremy's humorous attempts to suggest alternative forms for the mimic, such as a lamp or a statue, leading to comedic exchanges about the impracticality of each suggestion.",,,,
9,Creativity,The author tends to explore imaginative scenarios with a focus on character interactions and comedic elements.,"In the story regarding ""mimics conversing with adventurers,"" the mimic humorously considers transforming into a human, and the narrative explores the comedic potential of the mimic adopting Jeremy's appearance, complete with a scar.",,,,
9,Development (Character and Setting),"The author develops characters through witty dialogue and situational humor, creating a dynamic interaction between them.","In the story regarding ""mimics conversing with adventurers,"" Jeremy and the mimic engage in a playful back-and-forth, with the mimic expressing disdain for being a chair and Jeremy humorously defending his uniqueness as a human.",,,,
9,Language Use,The author employs playful and humorous language to create an engaging and light-hearted tone.,"In the story regarding ""mimics conversing with adventurers,"" the mimic's dialogue includes lines like, ""I’m not some freak that wants people sitting on them!"" and Jeremy's retort, ""I hope someone tries to lock pick you,"" which contribute to the comedic tone of the narrative.",,,,
4,Plot,The author often uses plot to explore deep emotional themes and character transformation.,"In the story regarding ""a person who inadvertently creates a shrine to a forgotten god through clutter,"" the plot centers around Dan's emotional journey as he confronts his grief over his mother's death, facilitated by the goddess Obosa, who also shares her own story of loss.",,,,
4,Development (Character and Setting),The author frequently develops characters through their emotional struggles and interactions.,"In the story regarding ""a person who inadvertently creates a shrine to a forgotten god through clutter,"" Dan's character is developed through his interactions with Obosa, revealing his grief and resistance to confronting his emotions, which gradually shifts as he opens up to the goddess.",,,,
4,Language Use,The author often employs vivid and emotive language to convey character emotions and atmosphere.,"In the story regarding ""a person who inadvertently creates a shrine to a forgotten god through clutter,"" the author uses descriptive language such as ""a sickly looking woman"" with ""purple tear stains"" and ""angelic cheeks"" to create a vivid image of Obosa and convey the somber, mystical atmosphere of the encounter.",,,,
