index,expt_type,similarity_gpt4o,similarity_llama
Reddit_andartico_comments_3,delta,B,A
Reddit_andartico_comments_3,schema,B,T
Reddit_andartico_comments_3,delta_schema,B,A
AO3_cassie_ in _the_ wonderland (cassiana_it)_1,schema,A,A
AO3_cassie_ in _the_ wonderland (cassiana_it)_1,delta_schema,B,B
AO3_cassie_ in _the_ wonderland (cassiana_it)_1,delta,A,B
narrativemagazine_tom_lakin_0,delta,T,A
narrativemagazine_tom_lakin_0,delta_schema,B,A
narrativemagazine_tom_lakin_0,schema,B,A
newyorker_robert_coover_0,schema,B,B
newyorker_robert_coover_0,delta_schema,A,A
newyorker_robert_coover_0,delta,B,B
Storium_anon_12c9cb7f5cfb4d1a601f7b26c18e664f7b1ed94020b318492f79921e2d724931_0,schema,A,T
Storium_anon_12c9cb7f5cfb4d1a601f7b26c18e664f7b1ed94020b318492f79921e2d724931_0,delta,T,T
Storium_anon_12c9cb7f5cfb4d1a601f7b26c18e664f7b1ed94020b318492f79921e2d724931_0,delta_schema,T,A
Reddit_LordVulpix_comments_3,delta_schema,B,A
Reddit_LordVulpix_comments_3,delta,B,B
Reddit_LordVulpix_comments_3,schema,B,B
AO3_Small_Hobbit_2,delta_schema,A,B
AO3_Small_Hobbit_2,schema,B,A
AO3_Small_Hobbit_2,delta,A,A
narrativemagazine_morgan_talty_0,delta,A,A
narrativemagazine_morgan_talty_0,schema,A,B
narrativemagazine_morgan_talty_0,delta_schema,B,A
newyorker_joyce_carol_oates_0,delta_schema,A,A
newyorker_joyce_carol_oates_0,schema,B,A
newyorker_joyce_carol_oates_0,delta,A,A
Storium_anon_55d3d088a5e27908c25b34234dce67f1b6d645c1feab8a737589f4a2d9ddb43b_2,schema,B,B
Storium_anon_55d3d088a5e27908c25b34234dce67f1b6d645c1feab8a737589f4a2d9ddb43b_2,delta,A,B
Storium_anon_55d3d088a5e27908c25b34234dce67f1b6d645c1feab8a737589f4a2d9ddb43b_2,delta_schema,T,A
Reddit_mauricioszabo_comments_0,delta_schema,B,B
Reddit_mauricioszabo_comments_0,schema,B,B
Reddit_mauricioszabo_comments_0,delta,B,B
AO3_VerdantStories_1,delta_schema,T,A
AO3_VerdantStories_1,delta,A,A
AO3_VerdantStories_1,schema,A,T
narrativemagazine_tryphena_l_0,delta_schema,A,T
narrativemagazine_tryphena_l_0,delta,A,A
narrativemagazine_tryphena_l_0,schema,B,B
newyorker_etgar_keret_0,delta_schema,A,A
newyorker_etgar_keret_0,schema,A,B
newyorker_etgar_keret_0,delta,A,A
Storium_anon_e3daefadc778eef6cd06ff96ed454d8a1d4f52ffd4a8d6aee93d3a8f04eb4262_1,delta_schema,T,A
Storium_anon_e3daefadc778eef6cd06ff96ed454d8a1d4f52ffd4a8d6aee93d3a8f04eb4262_1,delta,A,A
Storium_anon_e3daefadc778eef6cd06ff96ed454d8a1d4f52ffd4a8d6aee93d3a8f04eb4262_1,schema,B,B
Reddit_apatheticchildofJen_comments_1,delta_schema,T,A
Reddit_apatheticchildofJen_comments_1,delta,T,B
Reddit_apatheticchildofJen_comments_1,schema,A,A
newyorker_george_saunders_0,schema,A,A
newyorker_george_saunders_0,delta,T,A
newyorker_george_saunders_0,delta_schema,B,A
AO3_BeautifulFiction_0,delta,A,B
AO3_BeautifulFiction_0,delta_schema,T,B
AO3_BeautifulFiction_0,schema,B,B
Storium_anon_f3cc8dcfefa50de1673df98be8bda57fc6d246f062145c62294a3a57b0a89be8_2,schema,B,B
Storium_anon_f3cc8dcfefa50de1673df98be8bda57fc6d246f062145c62294a3a57b0a89be8_2,delta,B,A
Storium_anon_f3cc8dcfefa50de1673df98be8bda57fc6d246f062145c62294a3a57b0a89be8_2,delta_schema,B,B
narrativemagazine_jackie_thomas-kennedy_0,delta,B,A
narrativemagazine_jackie_thomas-kennedy_0,delta_schema,A,T
narrativemagazine_jackie_thomas-kennedy_0,schema,B,T
Reddit_Sadnesslaughs_comments_2,delta_schema,B,T
Reddit_Sadnesslaughs_comments_2,delta,B,B
Reddit_Sadnesslaughs_comments_2,schema,B,A
newyorker_sheila_heti_0,schema,A,A
newyorker_sheila_heti_0,delta_schema,B,B
newyorker_sheila_heti_0,delta,B,B
AO3_Hekate1308_3,delta_schema,B,A
AO3_Hekate1308_3,delta,A,A
AO3_Hekate1308_3,schema,B,A
Storium_anon_484196d235aa28ce93c6f5d8dd3b46fe4c6bf24824106914fdd8b3b743f6b849_1,delta,B,B
Storium_anon_484196d235aa28ce93c6f5d8dd3b46fe4c6bf24824106914fdd8b3b743f6b849_1,delta_schema,A,B
Storium_anon_484196d235aa28ce93c6f5d8dd3b46fe4c6bf24824106914fdd8b3b743f6b849_1,schema,B,T
narrativemagazine_barry_gifford_0,delta_schema,T,A
narrativemagazine_barry_gifford_0,delta,B,B
narrativemagazine_barry_gifford_0,schema,B,A
narrativemagazine_terese_svoboda_0,schema,B,T
narrativemagazine_terese_svoboda_0,delta_schema,B,A
narrativemagazine_terese_svoboda_0,delta,T,B
Reddit_HSerrata_comments_0,delta,A,B
Reddit_HSerrata_comments_0,delta_schema,B,B
Reddit_HSerrata_comments_0,schema,T,B
newyorker_john_edgar_wideman_0,delta_schema,A,A
newyorker_john_edgar_wideman_0,delta,B,B
newyorker_john_edgar_wideman_0,schema,B,B
AO3_ladyofstardvst_2,schema,B,A
AO3_ladyofstardvst_2,delta,B,B
AO3_ladyofstardvst_2,delta_schema,A,B
Storium_anon_b83f85832c7d35ca9b69c335476125d59a01ab8caf361d133de2384c4031e48f_0,delta_schema,B,B
Storium_anon_b83f85832c7d35ca9b69c335476125d59a01ab8caf361d133de2384c4031e48f_0,schema,B,T
Storium_anon_b83f85832c7d35ca9b69c335476125d59a01ab8caf361d133de2384c4031e48f_0,delta,B,B
narrativemagazine_anna_besh_1,schema,T,T
narrativemagazine_anna_besh_1,delta_schema,B,T
narrativemagazine_anna_besh_1,delta,B,B
Reddit_TheWanderingBook_comments_2,delta,B,B
Reddit_TheWanderingBook_comments_2,schema,B,B
Reddit_TheWanderingBook_comments_2,delta_schema,B,B
newyorker_anne_enright_0,delta_schema,A,A
newyorker_anne_enright_0,delta,T,A
newyorker_anne_enright_0,schema,A,A
AO3_Kyu_Q_999_1,schema,B,B
AO3_Kyu_Q_999_1,delta_schema,B,T
AO3_Kyu_Q_999_1,delta,B,B
Storium_anon_99fcbbfa8a67ae054a11461cb70db1701cf999205dcac3fa374a3b314099cbb8_2,schema,T,T
Storium_anon_99fcbbfa8a67ae054a11461cb70db1701cf999205dcac3fa374a3b314099cbb8_2,delta_schema,T,B
Storium_anon_99fcbbfa8a67ae054a11461cb70db1701cf999205dcac3fa374a3b314099cbb8_2,delta,A,T
AO3_MsMoonstar_2,schema,T,B
AO3_MsMoonstar_2,delta,B,A
AO3_MsMoonstar_2,delta_schema,A,B
Storium_anon_f80a77d52364eb58aeaeeeb529971e651012d12b0330993e55d5955bf41d8754_1,delta_schema,B,A
Storium_anon_f80a77d52364eb58aeaeeeb529971e651012d12b0330993e55d5955bf41d8754_1,schema,B,A
Storium_anon_f80a77d52364eb58aeaeeeb529971e651012d12b0330993e55d5955bf41d8754_1,delta,A,A
narrativemagazine_natasha_ayaz_0,schema,T,B
narrativemagazine_natasha_ayaz_0,delta,A,B
narrativemagazine_natasha_ayaz_0,delta_schema,B,A
Reddit_Saint_Of_Silicon_comments_4,delta_schema,B,B
Reddit_Saint_Of_Silicon_comments_4,schema,T,B
Reddit_Saint_Of_Silicon_comments_4,delta,T,A
newyorker_weike_wang_0,delta_schema,A,B
newyorker_weike_wang_0,delta,A,A
newyorker_weike_wang_0,schema,T,A
AO3_badly_knitted_0,schema,B,B
AO3_badly_knitted_0,delta_schema,B,B
AO3_badly_knitted_0,delta,B,B
Storium_anon_aa4af5857ee7ee23e6f3fd68b89a54191b813050c2ff36ca66aeec45a5acdfff_1,delta_schema,B,B
Storium_anon_aa4af5857ee7ee23e6f3fd68b89a54191b813050c2ff36ca66aeec45a5acdfff_1,schema,T,A
Storium_anon_aa4af5857ee7ee23e6f3fd68b89a54191b813050c2ff36ca66aeec45a5acdfff_1,delta,T,B
narrativemagazine_robert_olen_butler_0,schema,B,B
narrativemagazine_robert_olen_butler_0,delta,A,B
narrativemagazine_robert_olen_butler_0,delta_schema,A,B
Reddit_Jamaican_Dynamite_comments_0,delta_schema,A,A
Reddit_Jamaican_Dynamite_comments_0,schema,A,B
Reddit_Jamaican_Dynamite_comments_0,delta,A,A
newyorker_lore_segal_2,schema,B,A
newyorker_lore_segal_2,delta_schema,B,A
newyorker_lore_segal_2,delta,B,B
