story_id,category,claim,example,coherence,grounding,evidence,comments
2,Plot,The author intertwines internal conflict with external circumstances to deepen the narrative tension.,"In the story of siblings surviving a curse in exile, the protagonist grapples with the internal conflict of considering selling the youngest brother, Joseph, to alleviate their suffering, reflecting a profound moral dilemma amidst their dire circumstances.",,,,
2,Creativity,The author frequently employs cultural and religious elements to enrich the narrative.,"In the story of siblings surviving a curse in exile, the author incorporates a prayer from the protagonist's mother, which serves as both a cultural touchstone and a source of comfort, highlighting the family's spiritual background and its influence on their lives.",,,,
2,Creativity,The author often explores themes of societal judgment and ostracism through personal narratives.,"In the story of siblings surviving a curse in exile, the protagonist reflects on the townspeople's belief that the youngest child is cursed, illustrating how societal judgment leads to their family's ostracism and exile.",,,,
2,Development (Character and Setting),The author tends to develop characters through their interactions and conflicts with each other.,"In the story of siblings surviving a curse in exile, the dynamic between the brothers is highlighted through their fight over sugarcane, revealing their desperation and the strain on their relationship due to their circumstances.",,,,
2,Development (Character and Setting),The author uses setting details to reflect the protagonist's emotional landscape.,"In the story of siblings surviving a curse in exile, the oppressive atmosphere of the woods, with its meandering stream and frothing water, mirrors the protagonist's sense of entrapment and despair.",,,,
2,Language Use,The author often employs vivid and sensory language to create an immersive atmosphere.,"In the story of siblings surviving a curse in exile, the author describes the juice from the sugarcane dripping down Nii's shorts, and the oppressive stillness of the air, enhancing the reader's sensory experience of the scene.",,,,
2,Language Use,The author tends to use a reflective and introspective tone to explore the protagonist's inner world.,"In the story of siblings surviving a curse in exile, the protagonist's internal monologue reveals their contemplation of selling Joseph and their reflections on their mother's prayers, providing insight into their emotional turmoil and resilience.",,,,
1,Plot,The author often uses a non-linear narrative structure to emphasize the protagonist's internal conflict.,"In the story regarding ""a child torn between caregiving and longing for freedom,"" the narrative shifts between the child's caregiving duties and their longing for freedom, as seen when the protagonist imagines the gold-painted brushes on the bowl turning into tiny snakes, symbolizing their trapped feelings.",,,,
1,Creativity,The author frequently incorporates symbolic imagery to convey deeper emotional truths.,"In the story regarding ""a child torn between caregiving and longing for freedom,"" the author uses the image of snakes in the soup to symbolize the child's entrapment and suppressed desires.",,,,
1,Creativity,The author tends to blend realistic and imaginative elements to enhance the narrative's emotional impact.,"In the story regarding ""a child torn between caregiving and longing for freedom,"" the protagonist's routine of caregiving is interspersed with imaginative thoughts, such as the desire to let the soup burn and watch the snakes drown, reflecting their inner turmoil.",,,,
1,Development (Character and Setting),The author often develops characters through their internal monologues and emotional responses.,"In the story regarding ""a child torn between caregiving and longing for freedom,"" the protagonist's thoughts about leaving the soup to burn and their conflicted feelings about their mother reveal their complex emotional state and character depth.",,,,
1,Language Use,The author frequently uses dialogue to reveal character relationships and internal conflicts.,"In the story regarding ""a child torn between caregiving and longing for freedom,"" the dialogue between the protagonist and their father, such as ""What are you still doing here? Little boys belong outside,"" highlights the father's awareness of the child's sacrifice and the child's internal struggle.",,,,
